customer_id,first_name,last_name,email,phone
1,Tomlin,Daldan,tdaldan0@uol.com.br,+86 590 294 3320
2,Bo,Scarlon,bscarlon1@technorati.com,+51 374 521 3899
3,Courtnay,Brocklebank,cbrocklebank2@slashdot.org,+52 640 902 4447
4,Maura,Dumper,mdumper3@google.de,+51 928 332 8502
5,Mario,Piggford,mpiggford4@chron.com,+66 803 309 4510
6,Justine,Braunds,jbraunds5@wunderground.com,+234 731 607 6575
7,Baily,Burchall,bburchall6@wsj.com,+84 497 773 3112
8,Mitzi,Skelhorn,mskelhorn7@businesswire.com,+86 833 419 0170
9,Marylinda,Drewitt,mdrewitt8@dailymotion.com,+81 609 256 0586
10,Mariellen,Quemby,mquemby9@usgs.gov,+55 747 819 3544
11,Prent,Aberchirder,paberchirdera@economist.com,+86 310 915 8106
12,Axel,Belding,abeldingb@wired.com,+86 968 869 8733
13,Sunshine,O' Loughran,soloughranc@smugmug.com,+46 208 516 1882
14,Ayn,Hallward,ahallwardd@china.com.cn,+86 737 736 8640
15,Dulcy,Twallin,dtwalline@dedecms.com,+62 207 114 4594
16,Charline,Paule,cpaulef@phoca.cz,+1 612 346 7133
17,Hale,Rodgers,hrodgersg@is.gd,+62 675 194 3941
18,Felisha,Bridel,fbridelh@utexas.edu,+33 624 888 1954
19,Patton,Russilll,prussillli@squidoo.com,+86 750 126 1693
20,Vania,Szymoni,vszymonij@cmu.edu,+51 918 995 9847
21,Nils,McMichell,nmcmichellk@sina.com.cn,+86 638 314 0540
22,Eberto,Fayers,efayersl@liveinternet.ru,+86 287 628 9479
23,Alexandra,Kamen,akamenm@aol.com,+86 286 879 3968
24,Gunilla,Ruos,gruosn@pen.io,+380 245 765 5125
25,Gawen,Sherbrook,gsherbrooko@thetimes.co.uk,+86 308 162 7562
26,Hagen,Gingel,hgingelp@whitehouse.gov,+261 313 125 5756
27,Lynnea,Moorwood,lmoorwoodq@mozilla.com,+34 547 529 9044
28,Malissia,Alywin,malywinr@hhs.gov,+46 891 808 1417
29,Gearard,Stickland,gsticklands@networkadvertising.org,+62 107 135 9265
30,Chadd,Curreen,ccurreent@ehow.com,+86 552 615 3297
31,Thomasine,Lealle,tlealleu@mit.edu,+86 345 901 2466
32,Anissa,Crocumbe,acrocumbev@shop-pro.jp,+66 804 734 7922
33,Florentia,Stemson,fstemsonw@irs.gov,+57 980 498 3081
34,Estelle,Camplen,ecamplenx@cbslocal.com,+7 620 624 2250
35,Baryram,Greguoli,bgreguoliy@bluehost.com,+7 168 583 9800
36,Slade,Wickrath,swickrathz@constantcontact.com,+670 649 788 0296
37,Bernadine,Harrower,bharrower10@cornell.edu,+46 193 983 4096
38,Marcie,Baitey,mbaitey11@bigcartel.com,+55 777 398 8073
39,Florenza,Lafont,flafont12@drupal.org,+7 560 655 2681
40,Rorke,Rraundl,rrraundl13@tuttocitta.it,+261 925 681 5979
41,Ruperta,Nitto,rnitto14@bloomberg.com,+31 120 156 2117
42,Clarita,Hourihan,chourihan15@weibo.com,+86 112 259 1260
43,Pancho,Moreman,pmoreman16@w3.org,+57 663 754 7506
44,Jonis,Bruyett,jbruyett17@dedecms.com,+52 731 356 1213
45,Karlee,Cockshot,kcockshot18@economist.com,+51 516 304 1456
46,Ike,Storkes,istorkes19@amazon.co.jp,+33 904 657 7893
47,Kelbee,Delos,kdelos1a@fda.gov,+62 471 590 9048
48,Florence,Prince,fprince1b@china.com.cn,+86 567 815 5689
49,Dale,Guilford,dguilford1c@blogtalkradio.com,+63 431 424 3673
50,Gilles,MacGiffin,gmacgiffin1d@psu.edu,+7 114 190 0756
51,Marion,Arnhold,marnhold1e@netlog.com,+7 544 543 1906
52,Cassie,Renol,crenol1f@taobao.com,+92 731 129 1169
53,Roxane,Grubey,rgrubey1g@webeden.co.uk,+86 434 521 7198
54,Siusan,Nestle,snestle1h@ebay.co.uk,+46 219 548 3505
55,Leisha,Howchin,lhowchin1i@cmu.edu,+48 682 566 3222
56,Glyn,Layton,glayton1j@last.fm,+62 883 174 8066
57,Suzanna,Stores,sstores1k@ocn.ne.jp,+7 499 664 6011
58,Pen,Dumbar,pdumbar1l@google.es,+675 502 899 6115
59,Jeana,Gait,jgait1m@google.co.jp,+45 188 994 3033
60,Cliff,Petroselli,cpetroselli1n@google.es,+30 433 174 0849
61,Anders,Aleksankin,aaleksankin1o@geocities.jp,+63 188 316 7301
62,Charla,Shire,cshire1p@weibo.com,+33 777 598 2839
63,Dacia,Riccardini,driccardini1q@simplemachines.org,+62 137 543 2641
64,Viv,Gotch,vgotch1r@tripod.com,+86 777 538 9686
65,Darbie,De Ortega,ddeortega1s@msu.edu,+62 816 334 6387
66,Olivie,Belli,obelli1t@de.vu,+62 447 137 3856
67,Stanford,Kigelman,skigelman1u@4shared.com,+57 747 310 1163
68,Nady,Loffel,nloffel1v@businessinsider.com,+86 168 436 3055
69,Eada,Skrzynski,eskrzynski1w@timesonline.co.uk,+1 662 831 6669
70,Yolande,Paolino,ypaolino1x@oaic.gov.au,+81 975 231 8955
71,Janetta,Turbat,jturbat1y@illinois.edu,+63 406 438 6378
72,Denney,Bramstom,dbramstom1z@state.gov,+355 912 460 9635
73,Conrad,Haverty,chaverty20@spiegel.de,+234 362 795 4425
74,Halley,Worters,hworters21@timesonline.co.uk,+86 871 262 3611
75,Maureen,Palle,mpalle22@about.me,+359 640 733 5626
76,Arleyne,Varlow,avarlow23@jiathis.com,+55 111 777 4894
77,Antony,Reary,areary24@behance.net,+62 684 476 0145
78,Hestia,Gorman,hgorman25@hao123.com,+33 848 417 8889
79,Dominica,Testin,dtestin26@dot.gov,+55 785 353 3650
80,Gerrilee,MacQuist,gmacquist27@netvibes.com,+48 244 757 9098
81,Hattie,Jorioz,hjorioz28@prnewswire.com,+234 280 328 8516
82,Karolina,Skiplorne,kskiplorne29@biglobe.ne.jp,+7 421 348 5633
83,Bartholomew,Tout,btout2a@yandex.ru,+86 444 548 3065
84,Jesse,Ivain,jivain2b@feedburner.com,+86 419 978 0271
85,Rani,Parrin,rparrin2c@yelp.com,+81 999 175 4017
86,Baldwin,Bolsteridge,bbolsteridge2d@engadget.com,+595 125 592 0829
87,Mahalia,Beeck,mbeeck2e@europa.eu,+351 724 806 4087
88,Arin,Maisey,amaisey2f@hostgator.com,+86 333 300 2682
89,Desiree,Pitkeathly,dpitkeathly2g@hexun.com,+66 369 896 0520
90,Cindee,Killigrew,ckilligrew2h@who.int,+351 381 160 7268
91,Goldina,Twiggs,gtwiggs2i@hubpages.com,+81 909 553 6103
92,Henrik,Burbidge,hburbidge2j@twitter.com,+62 385 497 2861
93,Carroll,Belcham,cbelcham2k@domainmarket.com,+62 136 508 4808
94,Judas,Sammes,jsammes2l@tmall.com,+381 477 422 1033
95,Elfrieda,Leitche,eleitche2m@wix.com,+86 643 623 1893
96,Athena,Rotchell,arotchell2n@de.vu,+63 132 311 9352
97,Flossie,Linfield,flinfield2o@google.cn,+86 955 543 7575
98,Lamond,Maytum,lmaytum2p@nps.gov,+380 943 186 7827
99,Adora,Brewitt,abrewitt2q@blogs.com,+352 470 254 5694
100,Frederic,Levine,flevine2r@cbslocal.com,+254 307 900 6864
101,Brocky,Bernardeschi,bbernardeschi2s@geocities.jp,+63 446 825 5828
102,Brandtr,Cashen,bcashen2t@pbs.org,+1 757 457 8409
103,Trumann,Chicco,tchicco2u@census.gov,+86 282 891 7207
104,Flin,Fetherstonhaugh,ffetherstonhaugh2v@last.fm,+86 367 421 2113
105,Freeman,Alywen,falywen2w@shinystat.com,+62 207 301 1179
106,Marleen,Farlamb,mfarlamb2x@who.int,+420 543 669 4008
107,Angela,Elphick,aelphick2y@upenn.edu,+81 941 216 9921
108,Hy,Beachamp,hbeachamp2z@cargocollective.com,+60 529 280 9135
109,Irena,Ballin,iballin30@elegantthemes.com,+62 108 105 1276
110,Deedee,Pidgeley,dpidgeley31@dropbox.com,+20 900 109 9008
111,Stearn,Warbey,swarbey32@arstechnica.com,+86 801 678 4162
112,Kenyon,Peggs,kpeggs33@mtv.com,+595 705 792 6596
113,Billye,Beumant,bbeumant34@nba.com,+54 575 271 0911
114,Suzie,Sciacovelli,ssciacovelli35@simplemachines.org,+375 774 159 0369
115,Virgie,Bosworth,vbosworth36@reference.com,+7 279 975 2178
116,Maurizio,Bradtke,mbradtke37@elegantthemes.com,+86 718 977 0865
117,Mickie,Brimham,mbrimham38@mozilla.org,+387 492 315 4994
118,Dawna,Hopkins,dhopkins39@unesco.org,+56 629 165 4020
119,Ashley,Videler,avideler3a@goo.ne.jp,+351 474 949 6491
120,Gustavo,Westcot,gwestcot3b@wix.com,+49 387 195 7074
121,Elwyn,Gothard,egothard3c@auda.org.au,+62 604 181 5819
122,Lowell,Dunkerton,ldunkerton3d@amazonaws.com,+86 904 882 2884
123,Lyndsay,Willingham,lwillingham3e@irs.gov,+1 608 940 4951
124,Mariel,Aberkirdo,maberkirdo3f@ovh.net,+86 660 301 7172
125,Evy,Khotler,ekhotler3g@deviantart.com,+86 328 675 5298
126,Karia,Robberts,krobberts3h@nytimes.com,+1 532 376 6703
127,Evangeline,Tall,etall3i@hubpages.com,+357 121 589 8084
128,Averell,Ciani,aciani3j@free.fr,+92 453 452 4843
129,Theresina,Lattin,tlattin3k@prlog.org,+51 203 440 5031
130,Kayne,Vivyan,kvivyan3l@washingtonpost.com,+55 743 874 4442
131,Reggie,Drioli,rdrioli3m@wordpress.org,+86 106 511 9156
132,Frasco,Bohey,fbohey3n@opera.com,+351 537 196 2280
133,Idaline,Fosbraey,ifosbraey3o@qq.com,+86 741 283 7396
134,Bridie,Gavrielli,bgavrielli3p@dailymail.co.uk,+58 328 712 7859
135,Gabriello,Tuer,gtuer3q@state.tx.us,+7 699 791 7001
136,Jemima,Georgescu,jgeorgescu3r@ox.ac.uk,+62 361 852 3910
137,Aguste,Haycox,ahaycox3s@hubpages.com,+62 907 756 9912
138,Gracie,Beachamp,gbeachamp3t@squidoo.com,+351 447 448 1740
139,Freida,Pruvost,fpruvost3u@blogspot.com,+27 258 177 3965
140,Hoebart,Ragsdale,hragsdale3v@blogtalkradio.com,+358 266 597 8274
141,Townsend,Poppleston,tpoppleston3w@ehow.com,+54 538 381 0182
142,Bartram,Feechum,bfeechum3x@umn.edu,+370 673 738 8757
143,Nellie,Pykett,npykett3y@slashdot.org,+7 747 872 2029
144,Gustav,Worling,gworling3z@histats.com,+86 870 388 8066
145,Philipa,Sherringham,psherringham40@wsj.com,+353 624 736 2456
146,Brendis,Caustic,bcaustic41@photobucket.com,+86 202 334 6998
147,Brandais,Abrahamovitz,babrahamovitz42@about.com,+237 644 147 8615
148,Mose,Alcalde,malcalde43@hexun.com,+62 762 613 9719
149,Sula,Scamel,sscamel44@google.de,+965 678 302 4229
150,Danielle,Beszant,dbeszant45@livejournal.com,+54 666 792 9722
151,Zebadiah,Estcot,zestcot46@nyu.edu,+7 577 572 4875
152,Shaylyn,Humphries,shumphries47@fema.gov,+976 717 609 6194
153,Marian,Coppens,mcoppens48@google.de,+86 598 793 9767
154,Isidore,Kalkofer,ikalkofer49@addtoany.com,+48 898 667 8849
155,Lev,Diplock,ldiplock4a@behance.net,+351 163 446 1583
156,Manolo,Cargill,mcargill4b@gmpg.org,+357 463 599 3769
157,Kean,Lockhart,klockhart4c@wix.com,+46 697 538 7756
158,Moyra,Sirman,msirman4d@marketwatch.com,+86 987 555 8127
159,Keith,Chetham,kchetham4e@yellowbook.com,+27 683 533 4336
160,Michele,Phillipp,mphillipp4f@skype.com,+46 853 929 3610
161,Imogene,Grafton,igrafton4g@acquirethisname.com,+351 285 408 2432
162,Elladine,Walbridge,ewalbridge4h@clickbank.net,+355 944 306 8347
163,Cathleen,Greeves,cgreeves4i@imageshack.us,+976 992 718 1871
164,Harold,Molfino,hmolfino4j@etsy.com,+46 973 668 4436
165,Josefina,McAline,jmcaline4k@slate.com,+1 628 234 4144
166,Worthy,Neathway,wneathway4l@cyberchimps.com,+353 862 858 5670
167,Carolee,D'Alesio,cdalesio4m@cnbc.com,+1 202 296 2470
168,Shawnee,Dowker,sdowker4n@tripadvisor.com,+49 508 784 2176
169,Ashli,Hourihan,ahourihan4o@soundcloud.com,+48 859 338 4352
170,Brucie,Mesnard,bmesnard4p@dagondesign.com,+380 624 970 9515
171,Allie,Ransome,aransome4q@rediff.com,+7 696 412 5726
172,Corrie,Vanyukhin,cvanyukhin4r@omniture.com,+33 341 734 7919
173,Madeline,Bridell,mbridell4s@altervista.org,+62 856 857 4708
174,Chalmers,Savery,csavery4t@amazon.de,+62 790 625 6634
175,Estrella,Batsford,ebatsford4u@ow.ly,+52 871 419 1693
176,Malanie,Churly,mchurly4v@ifeng.com,+86 268 162 8755
177,Terence,Glayzer,tglayzer4w@cdc.gov,+62 724 608 1424
178,Frederick,Diable,fdiable4x@gov.uk,+420 609 200 0506
179,Cary,Fareweather,cfareweather4y@jalbum.net,+257 303 597 9866
180,Teri,Stolle,tstolle4z@technorati.com,+52 688 907 3608
181,Free,Linsey,flinsey50@simplemachines.org,+62 512 642 5416
182,Rog,Persehouse,rpersehouse51@ft.com,+692 102 126 7099
183,Breanne,Malenoir,bmalenoir52@redcross.org,+86 471 193 6654
184,Den,Mitchiner,dmitchiner53@house.gov,+48 717 814 8038
185,L;urette,Hankey,lhankey54@a8.net,+86 331 843 2763
186,Kort,Jeggo,kjeggo55@hud.gov,+55 581 643 5934
187,Mommy,Trounson,mtrounson56@51.la,+52 398 923 6236
188,Hillery,Howerd,hhowerd57@auda.org.au,+55 711 772 7208
189,Ewen,Lillo,elillo58@google.pl,+62 390 688 1592
190,Monty,Pree,mpree59@tamu.edu,+212 401 678 9539
191,Bartholomeus,Gunningham,bgunningham5a@webs.com,+62 444 483 2999
192,Merrill,Curnnokk,mcurnnokk5b@mozilla.org,+351 930 720 4795
193,Stafani,Davydoch,sdavydoch5c@webeden.co.uk,+380 685 618 5292
194,Perren,Pocklington,ppocklington5d@ibm.com,+86 787 825 0475
195,Linnell,Budnk,lbudnk5e@soundcloud.com,+7 949 647 1813
196,Opal,Aves,oaves5f@etsy.com,+86 139 899 8287
197,Jerrie,Pont,jpont5g@t.co,+49 246 915 9251
198,See,Ajam,sajam5h@nps.gov,+1 453 542 6940
199,Ev,Bretland,ebretland5i@privacy.gov.au,+255 202 611 0214
200,Hephzibah,Ibbotson,hibbotson5j@globo.com,+7 134 910 2139
201,Roi,Monkley,rmonkley5k@mail.ru,+7 199 119 9234
202,Gabbi,Trubshawe,gtrubshawe5l@cbslocal.com,+46 596 127 7919
203,Kial,Grouse,kgrouse5m@java.com,+380 492 636 8344
204,Ginelle,Schuricke,gschuricke5n@moonfruit.com,+264 380 923 7068
205,Lanni,Savory,lsavory5o@google.co.jp,+263 289 396 3886
206,Denney,Herity,dherity5p@statcounter.com,+386 576 977 2712
207,Garold,Gilloran,ggilloran5q@archive.org,+63 251 616 6917
208,Joshia,Churchard,jchurchard5r@networksolutions.com,+54 470 766 0437
209,Shannon,Eglin,seglin5s@icio.us,+1 238 699 9127
210,Jemie,Miko,jmiko5t@cocolog-nifty.com,+81 932 206 3357
211,Kissiah,Elphinstone,kelphinstone5u@msu.edu,+55 472 994 6234
212,Anne-marie,Cadman,acadman5v@cnn.com,+7 220 645 3500
213,Harlan,Walcot,hwalcot5w@ocn.ne.jp,+86 323 687 9715
214,Aubrie,Tennewell,atennewell5x@bigcartel.com,+357 474 449 1417
215,Tilly,Ovendon,tovendon5y@utexas.edu,+84 388 243 9917
216,Matthew,Zaczek,mzaczek5z@rakuten.co.jp,+86 711 492 7491
217,Finley,Hollebon,fhollebon60@oakley.com,+1 972 682 1272
218,Cristin,Nolda,cnolda61@rambler.ru,+60 120 685 9157
219,Teador,McEnteggart,tmcenteggart62@ucla.edu,+55 336 931 5159
220,Gae,Nendick,gnendick63@freewebs.com,+351 995 816 1299
221,Siobhan,Edgerton,sedgerton64@webmd.com,+62 951 743 3557
222,Janey,Lyver,jlyver65@mozilla.org,+86 685 125 1519
223,Brandon,Bleackley,bbleackley66@trellian.com,+269 732 165 2029
224,Dulcine,Balffye,dbalffye67@sitemeter.com,+389 576 446 1083
225,Tonye,Goldsbury,tgoldsbury68@photobucket.com,+992 432 779 5877
226,Harvey,Vasyutichev,hvasyutichev69@fda.gov,+236 734 642 4265
227,Lenette,Gabbidon,lgabbidon6a@unc.edu,+62 988 821 5581
228,Talia,Pallasch,tpallasch6b@bandcamp.com,+49 859 957 4627
229,Marshall,Cowdry,mcowdry6c@businesswire.com,+86 113 772 1262
230,Jud,Allery,jallery6d@rakuten.co.jp,+62 879 117 7845
231,Jada,Shoreman,jshoreman6e@columbia.edu,+51 424 323 4735
232,Samson,Bestar,sbestar6f@loc.gov,+967 731 674 1172
233,Erminia,Faherty,efaherty6g@shareasale.com,+86 768 681 4286
234,Flossy,Shugg,fshugg6h@netlog.com,+86 644 741 8489
235,Andee,Boerder,aboerder6i@nationalgeographic.com,+351 782 913 2636
236,Bil,Pires,bpires6j@chronoengine.com,+371 539 361 9640
237,Salem,Gorvette,sgorvette6k@nsw.gov.au,+218 833 253 6697
238,Corissa,Bogace,cbogace6l@123-reg.co.uk,+7 981 579 8182
239,Horst,Ker,hker6m@narod.ru,+27 374 572 9581
240,Simeon,Josey,sjosey6n@mac.com,+86 711 542 3839
241,Jayne,Verlander,jverlander6o@ihg.com,+86 631 524 6089
242,Tabor,Izakovitz,tizakovitz6p@dailymail.co.uk,+86 714 980 1014
243,Rosalynd,Beckley,rbeckley6q@hatena.ne.jp,+86 760 720 7955
244,Alphard,Nunson,anunson6r@dropbox.com,+86 960 247 0074
245,Lynelle,Ibanez,libanez6s@printfriendly.com,+55 476 293 9461
246,Ame,Rodenhurst,arodenhurst6t@wired.com,+1 161 705 4956
247,Chrisse,Simner,csimner6u@comcast.net,+62 394 234 0928
248,Olag,Smeath,osmeath6v@pbs.org,+63 504 128 3295
249,Suzanne,Granville,sgranville6w@chronoengine.com,+86 764 688 4802
250,Pryce,Montilla,pmontilla6x@flavors.me,+27 913 580 2604
251,Bogey,Stainson,bstainson6y@spotify.com,+358 956 861 4968
252,Dolf,Spilstead,dspilstead6z@bloomberg.com,+1 901 756 7534
253,Marcelia,Roskelley,mroskelley70@photobucket.com,+86 894 135 1416
254,Kiley,Comerford,kcomerford71@prlog.org,+66 190 152 0535
255,Cully,Grevel,cgrevel72@123-reg.co.uk,+51 306 782 3961
256,Allys,Gilchrest,agilchrest73@live.com,+51 209 622 4133
257,Spence,Costell,scostell74@bandcamp.com,+7 758 290 5631
258,Weston,Beadham,wbeadham75@buzzfeed.com,+62 168 530 8344
259,Cecilius,Gadney,cgadney76@nbcnews.com,+86 282 535 5537
260,Alisha,Fausset,afausset77@youtu.be,+82 804 873 8771
261,Cherianne,Bent,cbent78@arizona.edu,+63 982 927 8877
262,Heywood,Treace,htreace79@businessweek.com,+265 761 378 6312
263,Salomo,Kingscott,skingscott7a@amazon.de,+86 821 979 1165
264,Oriana,McCue,omccue7b@ameblo.jp,+86 460 360 6958
265,Erich,Fellos,efellos7c@hexun.com,+46 736 202 4279
266,Hunt,Milmore,hmilmore7d@hc360.com,+1 155 925 2785
267,Zebulon,Rawstron,zrawstron7e@utexas.edu,+27 841 906 1681
268,Brynna,Attkins,battkins7f@jiathis.com,+996 591 180 5476
269,Hatty,Dobrovsky,hdobrovsky7g@aol.com,+47 899 351 6281
270,Gal,Bowdler,gbowdler7h@constantcontact.com,+1 408 950 7233
271,Adriaens,Kighly,akighly7i@jalbum.net,+62 387 188 1765
272,Yehudit,Fitzsimon,yfitzsimon7j@about.me,+374 546 277 2773
273,Robers,Fisher,rfisher7k@amazon.co.jp,+98 958 791 3694
274,Norrie,Dax,ndax7l@marriott.com,+225 311 115 3718
275,Babette,Barzen,bbarzen7m@indiatimes.com,+972 268 608 6902
276,Catrina,Gingedale,cgingedale7n@macromedia.com,+7 154 590 6124
277,Sharai,Chattelaine,schattelaine7o@addthis.com,+373 546 198 0766
278,Cleveland,Comoletti,ccomoletti7p@sitemeter.com,+62 289 850 2527
279,Phaidra,Heck,pheck7q@over-blog.com,+86 894 798 2287
280,Piper,Parsons,pparsons7r@feedburner.com,+62 562 780 2890
281,Patric,Kruszelnicki,pkruszelnicki7s@accuweather.com,+46 542 251 9071
282,Penelopa,Morritt,pmorritt7t@cornell.edu,+504 801 837 6308
283,Linnea,Kleinplac,lkleinplac7u@constantcontact.com,+48 647 656 7864
284,Robena,Marlowe,rmarlowe7v@tiny.cc,+62 841 943 8533
285,Idell,Deveraux,ideveraux7w@slashdot.org,+62 960 886 7622
286,Brena,Whitehurst,bwhitehurst7x@studiopress.com,+86 840 529 5456
287,Oralle,Salterne,osalterne7y@imgur.com,+966 533 660 5518
288,Kendricks,Janecek,kjanecek7z@nhs.uk,+232 209 497 5778
289,Maritsa,Bruggeman,mbruggeman80@about.com,+86 950 989 0682
290,Elisa,Duprey,eduprey81@drupal.org,+225 889 350 4679
291,Nolana,Brandom,nbrandom82@google.com.br,+54 332 541 4524
292,Chaim,Quilligan,cquilligan83@tinypic.com,+86 302 594 9149
293,Cecily,Jiles,cjiles84@addtoany.com,+385 446 203 3581
294,Roselin,Ajsik,rajsik85@rakuten.co.jp,+62 220 581 7275
295,Judon,Fance,jfance86@house.gov,+52 768 439 1699
296,Mildred,Seldner,mseldner87@gmpg.org,+1 938 489 4551
297,Dirk,Thrush,dthrush88@huffingtonpost.com,+63 363 848 8155
298,Veronica,Skippon,vskippon89@trellian.com,+355 235 317 2060
299,Claudian,Anster,canster8a@studiopress.com,+7 603 647 5368
300,Annabel,Klimp,aklimp8b@ox.ac.uk,+62 699 670 3449
