supplier_id,first_name,last_name,email,phone,address
1,Alonzo,Pogue,apogue0@intel.com,656-987-5633,13268 Steensland Park
2,Darci,Schimoni,dschimoni1@paypal.com,127-552-1677,12536 Mesta Trail
3,Melina,Gowen,mgowen2@statcounter.com,566-887-6542,1 Emmet Court
4,Dinny,Mumford,dmumford3@symantec.com,999-413-6823,6 Coleman Plaza
5,Melony,Gerwood,mgerwood4@google.com,928-779-6018,2204 Crest Line Hill
6,Rita,Winton,rwinton5@dedecms.com,586-154-0717,71593 Meadow Vale Place
7,Richy,Brookesbie,rbrookesbie6@wufoo.com,449-382-3870,09 Carberry Center
8,Juan,Connolly,jconnolly7@soundcloud.com,993-511-5292,16133 Barnett Lane
9,Trixi,Coggins,tcoggins8@meetup.com,525-253-8042,92 Weeping Birch Parkway
10,Washington,Galbraith,wgalbraith9@trellian.com,714-140-1879,666 Duke Way
11,Joni,Pozzo,jpozzoa@cmu.edu,517-630-8298,103 Wayridge Drive
12,Omar,Quene,oqueneb@buzzfeed.com,143-995-5449,3293 Schiller Street
13,Hakeem,Ryles,hrylesc@independent.co.uk,943-787-7890,60 Pankratz Junction
14,Monah,Kubasiewicz,mkubasiewiczd@flickr.com,161-861-4411,55991 Stang Terrace
15,Veriee,Askem,vaskeme@mashable.com,252-160-3605,3 Waubesa Plaza
16,Rolph,Stanford,rstanfordf@theglobeandmail.com,537-453-1815,3110 Mendota Point
17,Jarrett,McNaught,jmcnaughtg@so-net.ne.jp,859-832-8567,40736 Loomis Court
18,Larine,Edgley,ledgleyh@nhs.uk,769-907-2010,9 Browning Center
19,Susi,Van Velde,svanveldei@mail.ru,204-160-8628,801 Mccormick Point
20,Stacee,Downe,sdownej@sbwire.com,432-336-1487,8 Holmberg Point
21,Eve,Camamile,ecamamilek@reference.com,502-990-4080,35 Fremont Alley
22,Maiga,Lowdyane,mlowdyanel@friendfeed.com,569-890-1894,26 David Circle
23,Patin,Egarr,pegarrm@plala.or.jp,961-967-9228,256 Division Court
24,Jeanelle,Milazzo,jmilazzon@jimdo.com,817-805-9311,095 Golf Course Way
25,Bone,Dahler,bdahlero@technorati.com,292-953-4977,61 Randy Avenue
26,Ramsay,Craythorne,rcraythornep@ucla.edu,818-406-1706,387 Springs Avenue
27,Greer,Morgans,gmorgansq@icq.com,172-795-8018,00 International Park
28,Henrietta,Dunsford,hdunsfordr@hhs.gov,813-522-3812,320 Forest Court
29,Morrie,Iwanczyk,miwanczyks@phpbb.com,513-403-2942,57662 Onsgard Court
30,Arlena,Akid,aakidt@4shared.com,514-123-4772,275 Bellgrove Avenue
31,Vincent,Broszkiewicz,vbroszkiewiczu@vkontakte.ru,166-193-0181,2 West Point
32,Renae,Poulton,rpoultonv@opensource.org,349-915-4814,35308 Fairview Drive
33,Donnajean,Shambrook,dshambrookw@infoseek.co.jp,936-340-6052,5781 Roth Court
34,Lek,Byk,lbykx@shareasale.com,710-583-2077,2536 Crowley Court
35,Wyatan,O'Duggan,woduggany@home.pl,652-139-7388,70 Truax Point
36,Emmett,Magwood,emagwoodz@state.gov,309-147-4661,82 Farwell Circle
37,Lianne,Tew,ltew10@tinyurl.com,293-355-7095,700 Mifflin Parkway
38,Cristen,Simao,csimao11@hatena.ne.jp,979-764-3941,90622 Sullivan Court
39,Gideon,Stayte,gstayte12@comsenz.com,153-334-6884,39733 Thompson Point
40,Pernell,Lattin,plattin13@constantcontact.com,463-776-1686,99 Basil Terrace
41,Henderson,Yeskin,hyeskin14@de.vu,714-996-0901,92770 David Center
42,Caleb,Chattington,cchattington15@china.com.cn,956-851-7881,97 Troy Street
43,Antoinette,Seth,aseth16@columbia.edu,309-870-7692,6 Beilfuss Way
44,Hermon,Mansbridge,hmansbridge17@g.co,334-531-3813,508 Carberry Drive
45,Sutherlan,Brandassi,sbrandassi18@yellowbook.com,406-540-0009,77343 Doe Crossing Court
46,Emery,Grishmanov,egrishmanov19@google.com,223-116-1876,9974 Bellgrove Point
47,Randi,Ackerley,rackerley1a@intel.com,853-697-5092,6 Eggendart Hill
48,Drusie,Kemmet,dkemmet1b@people.com.cn,913-348-3623,46 Duke Crossing
49,Cole,Fischer,cfischer1c@dailymotion.com,809-827-4188,489 Parkside Avenue
50,Jaquenette,Attridge,jattridge1d@typepad.com,770-377-2904,33318 Helena Junction
51,Lorne,Mimmack,lmimmack1e@slashdot.org,939-658-6019,746 Bashford Way
