supply_order_id,supplier_id ,order_date,expected_delivery_date,status,total_cost
1,4,11/21/2025,11/25/2025,Canceled,813.86
2,27,12/2/2025,12/9/2025,Delivered,556.36
3,32,12/3/2025,12/8/2025,Delivered,591.43
4,14,11/21/2025,11/25/2025,Delivered,814.89
5,28,12/10/2025,12/16/2025,Canceled,212.45
6,29,12/10/2025,12/12/2025,Canceled,830.94
7,17,11/26/2025,11/30/2025,Canceled,530.92
8,7,12/1/2025,12/4/2025,Canceled,442.44
9,17,11/11/2025,11/18/2025,Delivered,505.47
10,41,12/1/2025,12/3/2025,Delivered,418.29
11,18,11/13/2025,11/20/2025,Delivered,566.13
12,37,12/4/2025,12/11/2025,Delivered,717.33
13,9,11/20/2025,11/27/2025,Delivered,326.99
14,44,11/17/2025,11/19/2025,Delivered,893.36
15,50,12/3/2025,12/5/2025,Delivered,898.77
16,33,11/11/2025,11/17/2025,Canceled,561.03
17,12,12/3/2025,12/5/2025,Delivered,359.17
18,28,11/28/2025,12/4/2025,Canceled,363.79
19,22,11/27/2025,11/30/2025,Delivered,682.88
20,3,11/12/2025,11/15/2025,Delivered,213.95
21,47,11/28/2025,12/2/2025,Delivered,695.69
22,6,12/2/2025,12/7/2025,Delivered,809.17
23,12,11/17/2025,11/24/2025,Delivered,300.65
24,23,12/5/2025,12/6/2025,Delivered,639.37
25,47,12/6/2025,12/8/2025,Delivered,755.86
26,39,12/8/2025,12/14/2025,Delivered,704.62
27,24,12/1/2025,12/5/2025,Delivered,533.95
28,5,11/12/2025,11/17/2025,Delivered,823.45
29,28,12/10/2025,12/12/2025,Delivered,198.49
30,11,11/20/2025,11/21/2025,Delivered,347.65
31,44,11/24/2025,12/1/2025,Delivered,892.57
32,19,12/4/2025,12/9/2025,Canceled,983.97
33,2,11/29/2025,12/2/2025,Delivered,926.73
34,28,12/7/2025,12/14/2025,Delivered,189.25
35,20,12/5/2025,12/11/2025,Delivered,433.8
36,12,12/7/2025,12/9/2025,Delivered,182.54
37,17,11/28/2025,12/1/2025,Delivered,568.44
38,46,11/19/2025,11/26/2025,Delivered,511.62
39,48,11/27/2025,11/30/2025,Delivered,662.51
40,3,11/29/2025,12/1/2025,Delivered,342.89
41,28,11/20/2025,11/22/2025,Canceled,744.61
42,3,12/5/2025,12/10/2025,Delivered,652.54
43,47,12/2/2025,12/6/2025,Delivered,510.33
44,15,11/20/2025,11/24/2025,Delivered,147.71
45,7,11/23/2025,11/27/2025,Delivered,500.47
46,39,11/17/2025,11/24/2025,Delivered,516.23
47,10,11/18/2025,11/21/2025,Delivered,199.23
48,12,12/4/2025,12/10/2025,Delivered,345.06
49,11,11/22/2025,11/24/2025,Delivered,324.82
50,23,11/15/2025,11/16/2025,Canceled,501.74
51,43,11/26/2025,12/2/2025,Delivered,578.83
52,42,12/9/2025,12/11/2025,Delivered,653.99
53,8,11/12/2025,11/14/2025,Delivered,264.79
54,15,12/5/2025,12/12/2025,Delivered,500.7
55,1,12/9/2025,12/11/2025,Delivered,826.16
56,46,12/8/2025,12/9/2025,Canceled,679.74
57,41,11/13/2025,11/16/2025,Delivered,547.37
58,40,12/2/2025,12/6/2025,Canceled,185.11
59,20,12/1/2025,12/5/2025,Delivered,358.99
60,42,11/23/2025,11/28/2025,Delivered,468.05
61,12,11/22/2025,11/29/2025,Delivered,555.56
62,45,12/2/2025,12/5/2025,Delivered,918.87
63,8,11/29/2025,12/2/2025,Delivered,121.28
64,49,12/4/2025,12/8/2025,Delivered,966.01
65,38,12/6/2025,12/10/2025,Delivered,982.21
66,22,12/6/2025,12/7/2025,Canceled,185.35
67,16,12/5/2025,12/9/2025,Delivered,291.52
68,5,11/12/2025,11/16/2025,Canceled,174.13
69,32,11/26/2025,11/29/2025,Delivered,625.6
70,44,12/10/2025,12/14/2025,Delivered,434.36
71,4,12/5/2025,12/11/2025,Canceled,710.15
72,37,11/23/2025,11/24/2025,Canceled,502.31
73,9,12/6/2025,12/13/2025,Delivered,921.23
74,16,11/28/2025,11/29/2025,Delivered,309.0
75,30,11/12/2025,11/14/2025,Delivered,576.63
76,31,11/25/2025,11/26/2025,Delivered,919.29
77,40,12/5/2025,12/12/2025,Canceled,220.24
78,28,12/8/2025,12/9/2025,Canceled,990.69
79,48,12/2/2025,12/6/2025,Delivered,501.78
80,4,12/2/2025,12/4/2025,Delivered,308.54
81,4,11/28/2025,11/29/2025,Canceled,470.51
82,44,11/13/2025,11/19/2025,Delivered,583.43
83,48,12/3/2025,12/8/2025,Delivered,639.54
84,44,11/19/2025,11/22/2025,Delivered,605.87
85,24,11/30/2025,12/7/2025,Delivered,469.14
86,4,11/24/2025,11/25/2025,Delivered,127.27
87,22,11/24/2025,11/28/2025,Delivered,943.84
88,31,11/13/2025,11/18/2025,Delivered,263.13
89,31,11/15/2025,11/17/2025,Canceled,188.37
90,27,12/1/2025,12/7/2025,Delivered,757.95
91,22,12/4/2025,12/5/2025,Delivered,160.93
92,3,12/4/2025,12/8/2025,Delivered,609.56
93,46,12/5/2025,12/6/2025,Delivered,705.96
94,5,11/16/2025,11/21/2025,Delivered,735.88
95,41,11/18/2025,11/24/2025,Delivered,341.03
96,1,11/25/2025,11/29/2025,Delivered,424.57
97,19,11/26/2025,12/1/2025,Canceled,132.6
98,40,11/21/2025,11/25/2025,Delivered,794.66
99,43,11/14/2025,11/21/2025,Delivered,378.36
100,21,12/3/2025,12/8/2025,Delivered,935.12
101,39,12/2/2025,12/4/2025,Canceled,200.6
102,28,12/9/2025,12/15/2025,Delivered,209.89
103,17,11/21/2025,11/22/2025,Delivered,932.76
104,9,11/29/2025,12/2/2025,Delivered,626.71
105,14,11/18/2025,11/25/2025,Delivered,558.65
106,6,11/18/2025,11/21/2025,Delivered,545.8
107,6,12/10/2025,12/15/2025,Delivered,146.81
108,47,11/25/2025,11/26/2025,Canceled,311.48
109,34,11/24/2025,11/30/2025,Delivered,491.44
110,46,11/18/2025,11/20/2025,Canceled,756.37
111,8,12/9/2025,12/13/2025,Delivered,475.15
112,25,11/22/2025,11/29/2025,Delivered,728.3
113,27,11/20/2025,11/24/2025,Delivered,796.52
114,34,12/10/2025,12/16/2025,Delivered,776.5
115,9,12/9/2025,12/15/2025,Delivered,725.47
116,31,11/27/2025,11/29/2025,Canceled,100.51
117,32,11/16/2025,11/21/2025,Delivered,644.79
118,5,11/27/2025,12/1/2025,Delivered,545.22
119,39,12/3/2025,12/8/2025,Delivered,865.04
120,18,11/13/2025,11/18/2025,Delivered,905.84
